"","LateralInfl","LateralInfl2n"
"1",128.781634970386,63.6155590449029
"2",156.270469890936,77.1409783513968
"3",159.099220046489,78.5161141937478
"4",159.099220046489,78.5161141937478
"5",155.108630867916,76.5754620360164
"6",157.328428154303,77.6564614632251
"7",123.919314284162,78.2867747412714
"8",157.76067562338,77.8665514867235
"9",131.937949692367,78.2925049067144
"10",158.458190888378,78.2051761333449
"11",159.252688451657,78.5905002787229
"12",159.252688451657,78.5905002787229
"13",156.974027446615,77.4841483278402
"14",158.321771765978,78.1388375527511
"15",157.224893591988,77.6061430540347
"16",45.4515171502707,40.1196402363328
"17",157.458425980058,77.7196743630623
"18",158.27537507385,78.1164367413933
"19",159.191050314049,78.5606280143162
"20",99.5801241111003,78.5606280143162
"21",118.773233965378,78.238904873405
"22",97.6984659189031,48.2400750588039
"23",113.656242723445,36.1580215331167
"24",113.161453654194,55.9134750724643
"25",120.235564183547,59.4156026055863
"26",67.5661471596478,47.5397713779513
"27",0.364945728614595,1.57407923864136
"28",0.364945728614595,1.62273199384794
"29",128.507632524243,63.5047922305936
"30",134.348498016855,66.3868341594861
"31",144.12399666647,71.1963631367711
"32",150.871130100133,27.6259557986344
"33",135.212738458123,1.68305905905279
"34",152.990156571621,1.7689792107358
"35",97.0403974578053,1.63567044911701
"36",0.690831930471475,0.824687342760676
"37",0.690831930471475,1.40016113896031
"38",157.120620171504,1.45273903678599
"39",152.63543578411,75.368262589993
"40",155.270446645167,13.6545505280256
"41",157.696999267752,1.52577474216232
"42",157.696999267752,1.52577474216232
"43",155.185759291125,76.6133745573528
"44",111.31885262498,77.8023354630966
"45",155.563167526639,76.7973028536163
"46",43.5258148963061,77.8645454524205
"47",156.063608634698,77.0410577102271
"48",157.448200782554,62.4657372010488
"49",139.628791099189,0.049137023656041
"50",121.253318877754,0.049137023656041
"51",158.039881791039,78.0018729366323
"52",143.078240304762,70.6830406215852
"53",148.294374571874,73.2441934558149
"54",153.268882046963,75.676800007623
"55",158.297663904642,78.1271273955737
"56",157.618208839791,77.7972853746856
"57",158.830185085845,8.34148038427103
"58",158.830185085845,78.3856402416176
"59",23.5258859247824,33.574528141405
"60",149.765242275502,30.786993330275
"61",73.5193870368317,3.74460356814392
"62",0.563561108060103,1.61189598675494
"63",0.652195799662256,3.34349235286107
"64",151.24494081735,3.33081946116314
"65",152.503835474845,3.57082668621196
"66",156.928755112528,4.44624356695931
"67",154.585984448642,3.9742205960968
"68",157.660948498486,4.59376637088271
"69",39.1328827675434,4.24530476447462
"70",0.0022934673417225,4.67224046252906
"71",0.00221586379681859,4.57662745867244
"72",0.00246046269968593,4.87799044243997
"73",0.00241822380691819,4.82815193572725
"74",0.00248926158349833,4.91197081621766
"75",0.00248926158349833,4.91197081621766
"76",149.623595225166,3.43725170350452
"77",0.00126082633297549,3.62575944506067
"78",0.00119714656471327,2.35178130912172
"79",0.00119714656471327,4.41941981586624
"80",0.0012447971745221,3.85833154959567
"81",0.00118166293189342,4.2296835708517
"82",0.00121891506069081,4.20577674702049
"83",0.00117766713084872,4.63752205107694
"84",0.00120961814143549,4.31585958979809
"85",0.00117255665487887,4.68897107408605
"86",0.00118724857117295,4.55422394847792
"87",0.0011556944575103,4.84362296437524
"88",0.0011556944575103,4.84362296437524
"89",132.51868490634,65.4846476532473
"90",31.2323788017589,69.7111931187729
"91",0.00167566935491749,75.7797429247082
"92",0.00188483820681365,78.3022360234801
"93",0.00188483820681365,36.2344174974739
"94",0.00163279209786626,75.2099933654652
"95",0.00177903167234052,63.7440482039552
"96",0.00186075689655755,0.81928653836176
"97",0.00185669400042776,0.392860220659683
"98",0.00192190985831065,0.381845486372043
"99",0.00192190985831065,0.381845486372043
"100",0.00179410231907954,77.3805948955586
"101",0.00185719143798459,16.9399955252161
"102",0.0019091560003989,5.9220479025779e-05
"103",0.0019091560003989,5.9220479025779e-05
"104",0.00182922017543137,77.761833299406
"105",0.00187493793065414,65.2844850364721
"106",0.00191831312813439,0.245014605351443
"107",0.00191831312813439,0.245014605351443
"108",0.00184598921604767,77.9333871366138
"109",0.00186607545420836,78.1307972756
"110",0.00189061198070573,22.8556597153886
"111",0.0019145916003929,1.40752181230115
"112",0.0019145916003929,1.40752181230115
"113",0.00189017659946064,78.3567516610003
"114",0.00191215178979989,56.154959622253
"115",0.0019237076105147,0.919368928503867
"116",0.0019237076105147,0.919368928503867
"117",0.00190886853213031,78.5241652606837
"118",0.00192046677126731,78.6242624783866
"119",0.00192046677126731,78.6242624783866
"120",0.00187405945545795,11.7727160704046
"121",0.00189841174781872,0.111259755753215
"122",0.00191461160783758,0.115621060800872
"123",0.00190405210813823,0.112793371757813
"124",0.00191526890616683,0.11579707626908
"125",0.00190781272803339,0.113807530623435
"126",0.00191832835333992,0.116613434152751
"127",0.00191832835333992,0.116613434152751
"128",0.00189614448788612,0.268697405022458
"129",0.00190592304147505,0.59149123182345
"130",0.00191933193644557,0.570684867727942
"131",0.00191933193644557,0.570684867727942
"132",0.00189984970854534,0.600992915586442
"133",0.00190528579466727,0.592479260205773
"134",0.00191774579556926,0.573137233915111
"135",0.00191774579556926,0.573137233915111
"136",0.00190164471452374,0.598175009817568
"137",0.00191415486795694,0.578708533813039
"138",0.00190332906233493,0.595535406538895
"139",0.00191501134710735,0.577377282711743
"140",0.00190442139398968,0.59382570808998
"141",0.00191523415840785,0.577031209881294
"142",0.00190523625183142,0.592551710487957
"143",0.00190611437524591,0.59117979310375
"144",0.00191610257195193,0.575683363930739
"145",0.00190661747191943,0.590394354191043
"146",0.00191631436383465,0.575354883649735
"147",0.0019111001267269,0.583417944772441
"148",0.0019205380539364,0.56882355974749
"149",0.0019205380539364,0.56882355974749
"150",0.0019082152349139,0.587903977477658
"151",0.00191755740019802,0.573423998926899
"152",0.00192507977475038,0.561841783679041
"153",0.00192507977475038,0.561841783679041
"154",0.00191204657785178,0.58194382488839
"155",0.00191961564040692,0.57024677763043
"156",0.00191454274305766,0.578073255961377
"157",0.00192065923176602,0.568636722351156
"158",0.00191701512908325,0.574249550802027
"159",0.001922073950829,0.566457701588608
"160",0.001922073950829,0.566457701588608
"161",138.101232672383,68.2353749930546
"162",153.069345633013,21.0322008310563
"163",146.853664093939,72.5370391312429
"164",152.43334031244,75.2697516659935
"165",154.755776697289,76.4036960401821
"166",81.6989660937649,13.5251070468785
"167",155.773649626158,76.8998389314409
"168",157.90510693109,45.174788037393
"169",156.722322620957,77.3616602523642
"170",158.441143172455,78.1968115389516
"171",158.441143172455,78.1968115389516
"172",154.041303155286,76.0551946870495
"173",154.871175506728,76.4599615558508
"174",157.718307701172,77.8455251962486
"175",156.095133747122,77.0563990523554
"176",157.206507539983,77.5971599658993
"177",15.2092965196067,78.3032875263888
"178",158.660469560366,78.3032875263888
"179",157.145357385871,77.567433934039
"180",104.09427460528,78.2175532113197
"181",0.758923318086182,78.6145497109524
"182",0.758923318086182,78.6145497109524
"183",158.347900814957,78.1516583486996
"184",158.949770682039,78.4436829180019
"185",159.190506786337,78.5603645770576
"186",159.190506786337,78.5603645770576
"187",159.036339778505,41.6411392064327
"188",159.274100804477,0.0097265339881216
"189",159.140566796846,0.00973455063212413
"190",159.283152566023,0.0097259905703721
"191",159.283152566023,0.0097259905703721
"192",155.595627638369,76.8129314519545
"193",158.274316848474,78.1157861837149
"194",157.595330817746,77.7861636826515
"195",158.428574196213,78.1908573895584
"196",159.042763476865,78.4887420071789
"197",159.042763476865,78.4887420071789
"198",158.268181601614,78.1130144499964
"199",158.379549672125,78.167071614833
"200",158.538078141833,78.2439999465095
"201",159.043096809663,78.4889036309535
"202",158.72017139752,78.3323396502774
"203",159.108211031395,78.5204729697841
"204",159.108211031395,78.5204729697841
"205",158.488967108537,78.2201711292682
"206",158.997255071344,78.4666749248059
"207",158.634898178426,78.2909746160614
"208",158.739288738497,78.3416129110768
"209",159.096562099289,78.514825616748
"210",159.070494482311,78.5021929762825
"211",159.389008395525,78.6565481577408
"212",159.389008395525,78.6565481577408
"213",158.756986115313,78.350196356529
"214",159.113394205165,78.5229856941081
"215",158.885563607777,78.4125498984535
"216",3.6268447313176,78.5630583402394
"217",159.022337914122,78.4788633196904
"218",159.245774563841,78.5871497883031
"219",159.16116290351,78.5461511996664
"220",159.331394379948,78.6286368789235
"221",159.290303651302,78.6087299124603
"222",159.373288513488,78.6489330658944
"223",159.373288513488,78.6489330658944
"224",158.357696143572,78.1564651717353
"225",134.381263419022,78.2381722932383
"226",1.7593917443541,78.4130690234912
"227",1.74677662118394,78.5927559711074
"228",1.74677662118394,78.5927559711074
"229",1.76478657384636,78.3328794345711
"230",1.75214564504977,78.5167741749698
"231",1.762810090972,78.3628366315669
"232",1.75180139845671,26.6209845742183
"233",1.76215398305809,78.3726929840362
"234",1.75149218614141,78.5261951064702
"235",1.75665376181382,78.4534683576498
"236",1.74632275197859,78.599032581645
"237",1.74632275197859,78.599032581645
"238",158.40708530785,78.1804356654277
"239",158.491752435527,78.2215228564592
"240",158.994515058268,56.4023735536552
"241",158.608366276754,78.2781034917435
"242",159.017254908426,78.4763811923339
"243",159.382063265805,78.6531838104877
"244",159.382063265805,78.6531838104877
"245",158.792314438632,78.3673284958015
"246",159.168935426209,78.5499090466956
"247",73.2635779265644,78.4436511096446
"248",0.21243273649163,78.5662178570178
"249",0.21243273649163,78.5662178570178
"250",158.514748014154,78.2326807240794
"251",158.656126423988,78.301273109595
"252",23.6408609184557,78.4244800874875
"253",1.12213666880715,78.5929034342951
"254",1.12161378046007,78.5692997999451
"255",1.1233028441212,78.6455456013119
"256",1.1233028441212,78.6455456013119
"257",158.860082843224,78.40019213998
"258",159.09532840969,78.5142432250262
"259",159.302674495327,78.6147217572741
"260",159.302674495327,78.6147217572741
"261",159.069496405698,78.5017228517295
"262",159.277627508553,78.602585287995
"263",159.173385173539,78.5520755047362
"264",159.31177188449,78.6191296701584
"265",159.242827027348,78.5857261852224
"266",159.345990321398,78.6357083547646
"267",159.296686817355,78.6118228107188
"268",159.365070504887,78.6449519282587
"269",159.365070504887,78.6449519282587
"270",158.67876599655,78.312254952054
"271",158.775174217051,78.3590179418316
"272",159.108002207952,78.5203717346057
"273",159.108002207952,78.5203717346057
"274",158.805244499132,78.3736013048382
"275",159.136693345081,78.5342803347728
"276",158.893536738992,78.4164168328187
"277",158.968717935354,78.4528689573595
"278",52.2347806194371,78.5694714260125
"279",159.068129598681,78.5010603252426
"280",159.218482050347,78.5739285693282
"281",4.30493031559765,78.6408215238851
"282",159.305408698899,78.6160485719904
"283",159.363175004657,78.6440336577081
"284",159.327143970224,78.6265788314289
"285",159.378109792433,78.6512686463854
"286",159.378109792433,78.6512686463854
"287",159.166829363299,78.5488984479181
"288",159.305962274814,38.904947251052
"289",159.204132099668,78.5669758711257
"290",159.224191301678,78.5766961836329
"291",159.325715480534,78.6258854741319
"292",159.325715480534,78.6258854741319
"293",159.218528465363,78.5739521335154
"294",159.320139075032,78.6231836846313
"295",159.234426153202,78.5816556636475
"296",159.329375620431,78.627658802769
"297",159.329375620431,78.627658802769
"298",159.011759406831,78.4737347257854
"299",159.250856169162,78.5896123554378
"300",159.09092966389,78.5121125944787
"301",159.124904417625,78.5285795813803
"302",159.284035033935,78.6056901224968
"303",159.161925333926,78.5465219278128
"304",159.294156585373,78.6105945152348
"305",159.181662557741,78.5560870593012
"306",159.303414334281,78.6150802319546
"307",159.294188036256,78.6106104486792
"308",159.404788011708,78.6641918438661
"309",159.404788011708,78.6641918438661
"310",159.10668899683,78.5197510615199
"311",159.266246568555,78.597070396689
"312",159.169195485787,78.5500448056426
"313",159.318978009611,78.6226211387488
"314",159.251344852235,78.5898535536355
"315",159.347208362285,78.6362984609369
"316",159.293622172405,78.6103380185601
"317",159.347547540591,78.636463266643
"318",159.400692214069,78.6622078621289
"319",159.400692214069,78.6622078621289
"320",159.319442660249,78.6228477742899
"321",159.372817670454,78.6487049728791
"322",159.366993127935,78.6458834979332
"323",159.408070850452,78.665782016063
"324",159.408070850452,78.665782016063
"325",150.712047276491,74.4281867702483
"326",49.6280360079277,74.7968656069669
"327",0.352915184199044,76.5377335960021
"328",0.268810058361453,77.9821969856408
"329",0.297619051736341,77.6924093548665
"330",0.268074963917312,78.2187019668049
"331",0.29181285585806,77.800781642586
"332",0.263386144893012,59.8233357921148
"333",0.418539722650245,78.30125153657
"334",0.385983927336571,75.8098790253297
"335",0.296467565078303,77.6824711146612
"336",0.313296789399669,77.6824711146612
"337",151.387699329391,74.7586985475881
"338",152.701771779555,75.4010695429509
"339",153.773434644652,75.9244442974192
"340",156.29754134458,77.1545896346602
"341",158.773752831554,78.3582609085441
"342",158.279519569474,78.11851314507
"343",151.785676948537,78.450046667247
"344",158.856268699581,78.3983251381004
"345",159.314055990817,78.6202363592918
"346",159.314055990817,78.6202363592918
"347",147.411811500126,76.5541829999968
"348",1.12448818742817,1.53025341487416
"349",0.851533883178279,1.53025341487416
"350",154.5001596791,76.2789709955964
"351",12.7465324732655,77.3839230994831
"352",3.15634703194699,5.44030672656648
"353",3.16735319403939,78.0370039384236
"354",3.26205101072223,78.2152886321777
"355",3.40451697418947,78.4752512225153
"356",3.40451697418947,78.4752512225153
"357",3.28358948226389,78.2551478106486
"358",3.42497479779557,78.5122876742033
"359",3.35516757458955,78.3867534580493
"360",3.44539565619054,78.5490104707
"361",3.44539565619054,78.5490104707
"362",156.066046214172,77.0422319293011
"363",157.557244111537,78.0334054328191
"364",156.91709992926,77.4564450317383
"365",56.8846022886277,77.9895885795177
"366",1.88661335864337,78.4996934683497
"367",1.88661335864337,78.4996934683497
"368",157.542295078968,77.7604286401418
"369",158.1188470348,78.0405013417251
"370",158.934072179412,78.4360331302025
"371",158.662878192443,78.3045405062818
"372",159.161116495074,78.5461190990928
"373",159.054794261122,78.4945932315807
"374",159.311527722198,78.6190113688752
"375",159.240800103117,78.5847440474707
"376",159.344237921678,78.6348593633834
"377",159.305561269849,78.6161223297567
"378",159.375596675441,78.6500512167613
"379",159.375596675441,78.6500512167613
"380",157.918129521512,77.9430368438691
"381",131.687262164064,63.6140322054391
"382",0.105976646785282,2.02268525961177
"383",0.102512458829,2.02268525961177
"384",158.119143347403,78.0406566143108
"385",12.2459239332091,78.3210547621676
"386",0.0843833456644052,78.6064271521874
"387",0.0843833456644052,78.6064271521874
"388",158.244581280168,78.1015582698569
"389",158.869051331166,78.4044947882721
"390",158.352938898949,78.1541555104236
"391",78.0434715478638,78.4102492222506
"392",0.207090993255274,78.6433132367865
"393",0.207090993255274,78.6433132367865
"394",158.483150657347,78.2173488289001
"395",158.990666123394,78.4634797183644
"396",158.598591757334,78.2733614052596
"397",159.045453107379,78.490046129936
"398",158.745398132908,78.3445750533007
"399",158.986573352759,78.4615219747067
"400",159.276657221605,78.6021151203358
"401",159.276657221605,78.6021151203358
"402",158.839109091643,78.3900243854308
"403",12.2789473384284,65.8642609354402
"404",158.917753782956,78.428158656677
"405",159.205226840114,78.5674989618213
"406",159.205226840114,78.5674989618213
"407",153.614407538786,75.8466568049105
"408",156.67854595741,77.3401595234668
"409",24.8538578292207,78.3611141986054
"410",158.27287006758,78.1152863128219
"411",158.684749066704,78.315150764727
"412",159.164990060009,78.547996681354
"413",159.074128208603,78.5039643585173
"414",159.326359670243,78.626197583756
"415",159.326359670243,78.626197583756
"416",158.485284046029,72.3901373927017
"417",158.978454404951,1.59821482879691
"418",158.54493592811,1.42799066146799
"419",125.917833082952,1.18138865911834
"420",6.40666322958705,1.08181871314051
"421",6.40666322958705,1.08181871314051
"422",158.580420625578,1.44231041759333
"423",10.265742698483,1.61134637114983
"424",138.681400595154,1.61134637114983
"425",155.068705444878,76.5563184242066
"426",157.499894386929,77.7392749822179
"427",155.33178427043,76.684546407195
"428",137.773320713916,77.8358503391248
"429",155.638464961049,76.8339909588627
"430",156.134424392125,77.0755338158587
"431",157.271454654568,77.6287284638266
"432",158.714070828208,78.3293007129938
"433",158.714070828208,29.2195702185075
"434",156.709682540353,77.3555494050006
"435",157.810858545305,77.8908292950496
"436",159.049070765643,78.4918002115018
"437",57.0750700280583,78.3243384817344
"438",0.358496859593551,78.5100205108785
"439",0.390852487841938,78.3651741874523
"440",0.353877642029539,78.5306993453649
"441",0.353877642029539,78.5306993453649
"442",153.754799005887,16.8660296196988
"443",1.66935673481205,1.37580615529297
"444",1.72905118471742,1.27178053845696
"445",1.41351324531486,1.27178053845696
"446",1.65741033686742,1.39709654733414
"447",1.71739929380479,1.29198645178389
"448",1.71739929380479,1.29198645178389
"449",156.64227673765,77.322668015873
"450",157.685579426837,77.8300612678811
"451",158.678007130902,78.3117990444808
"452",158.25329349503,78.10576785238
"453",159.031376271099,78.483220583742
"454",158.781190129845,78.361932123625
"455",159.177486858329,78.554053956219
"456",159.177486858329,78.554053956219
"457",157.836623095963,77.9034337410647
"458",158.167156555065,78.0639698385581
"459",158.822487224064,78.3819056846431
"460",158.822487224064,78.3819056846431
"461",158.301521093894,78.1291958882265
"462",158.691481913521,78.3184154928437
"463",159.176344884535,41.4576303120207
"464",159.176344884535,78.5535004430177
"465",158.670720443503,78.3083458897262
"466",158.99782849266,78.4669802435722
"467",159.26079101263,78.594426722396
"468",159.26079101263,78.594426722396
"469",158.958693588977,78.4480083179082
"470",159.223135103018,57.5928191482311
"471",159.039911088945,78.4873824823244
"472",159.235870452784,78.5823501158424
"473",159.074557035005,78.5041765419542
"474",159.138737972275,78.5352840144321
"475",159.298538555722,78.6127177539752
"476",159.298538555722,78.6127177539752
"477",159.191509490536,78.5608575088842
"478",159.350060868989,78.6376804113947
"479",159.350060868989,78.6376804113947
"480",124.048723736101,61.300539860442
"481",15.0423879915312,71.2970902486837
"482",1.5903561984769,77.1283296967304
"483",1.34669598238133,78.5160175999475
"484",1.36479217102685,41.9060356057613
"485",1.33113247649941,1.29161285383105
"486",1.33113247649941,0.355316195465757
"487",1.75681857276691,18.7630981508537
"488",2.2599267488417,1.2856964900012
"489",1.49597023997905,1.04158571714125
"490",142.854301469332,70.570990833812
"491",151.239433742047,74.6861981958068
"492",155.590474591178,76.8094915707193
"493",159.022571541157,78.478951236948
"494",158.657476865257,78.3019284178
"495",159.069275532594,78.5015965198717
"496",159.069275532594,45.4323978681576
"497",51.8537673280428,75.8273978321146
"498",0.92870840344175,77.7917500637695
"499",0.248923208512995,23.9422530926628
"500",1.91067318365719,0.89735911694724
"501",0.284935012148754,0.89735911694724
"502",151.710786924054,74.9166860027027
"503",153.623098833942,75.8509787248277
"504",155.574682696896,76.8028486385173
"505",155.791371163577,78.0023334577686
"506",158.040829308146,78.0023334577686
"507",155.849895687345,7.42515967115153
"508",158.256523400659,0.394267611696663
"509",158.256523400659,0.394267611696663
"510",152.534505270543,75.3193695643678
"511",152.635623649298,75.3687794529281
"512",8.67240547686082,76.9967885293651
"513",2.68680814554433,78.4622097397094
"514",2.68560829410001,78.3138105754134
"515",2.68735060949846,78.5293023767641
"516",2.51879455993774,78.5293023767641
"517",153.038888302545,75.5657776449378
"518",154.542185922459,76.2994693338032
"519",157.710373391433,59.8563368044945
"520",157.710373391433,2.9109536359547
"521",153.411500018283,75.747757904479
"522",153.518568179345,75.8000349127094
"523",155.333795378841,76.685298023901
"524",158.233326971838,78.0958732451665
"525",157.50051296433,77.7400837952772
"526",158.789086796719,78.3657008963017
"527",158.475391156457,78.2135654159566
"528",159.12723608723,67.5562385169236
"529",159.049587064798,78.492065315627
"530",159.339498155543,78.6325630508985
"531",159.339498155543,78.6325630508985
"532",153.964606988981,76.0177556381088
"533",154.750446480733,76.4011254540757
"534",74.531731857587,77.6529555178123
"535",1.97548512079025,78.5876339187892
"536",1.97548512079025,78.5876339187892
"537",155.620072857518,76.8250127791561
"538",80.1050264355002,39.6264971486116
"539",157.454706566346,77.7176635732001
"540",159.053454121204,78.4939255316944
"541",159.053454121204,78.4939255316944
"542",156.6225552676,12.8769264416836
"543",158.978766088536,2.56982536706822
"544",158.782190590487,2.52931682197878
"545",159.229538125971,2.6215022570492
"546",159.229538125971,2.6215022570492
"547",154.151116695985,76.1087430472563
"548",154.899578084752,76.473860836503
"549",156.422186222615,29.1806957110084
"550",158.608952641799,0.422323218503223
"551",158.608952641799,0.422323218503223
"552",155.620061265386,76.8249872818877
"553",156.860716530928,77.4289926897534
"554",158.133214622542,78.0474312908758
"555",159.099696334773,78.5163450980968
"556",159.057413039294,78.49585381665
"557",159.373530672405,78.6490503761187
"558",159.373530672405,78.6490503761187
"559",157.99285845739,77.9792960928587
"560",141.079127406854,78.3993973898513
"561",1.49442306456704,78.6151793270516
"562",1.49442306456704,78.6151793270516
"563",158.753586906659,78.3485392846592
"564",17.9216190213907,78.5675223188087
"565",159.2052750325,78.5675223188087
"566",156.442163385922,77.2253613728037
"567",154.520439716494,78.0511548143873
"568",157.132154391493,77.5610254009155
"569",81.4013333132573,77.9260818207499
"570",1.06889963679379,78.1593482470219
"571",1.14956056928127,78.4696277146386
"572",1.1175752268907,78.3486434027352
"573",1.17207790214892,78.5547993532482
"574",1.17207790214892,78.5547993532482
"575",1.08027967994163,78.2037878569075
"576",0.53344138228467,78.5103808530446
"577",1.15157810276409,78.4778316083107
"578",1.19433611448473,78.6376096741035
"579",1.1923459117614,78.6302849011565
"580",1.20078210010141,78.6613335794669
"581",1.20078210010141,78.6613335794669
"582",158.023694587108,77.994286358624
"583",158.93635987097,78.4371426787376
"584",158.732268361741,78.3381942820959
"585",159.223623716523,25.893378338709
"586",159.040547290791,78.487690883584
"587",159.081791501237,78.5076831402366
"588",159.263772768975,78.5958716383035
"589",159.263772768975,78.5958716383035
"590",159.062342114949,78.4982557339965
"591",159.076426775826,78.5050829085604
"592",159.249729613133,78.5890664246598
"593",159.249729613133,78.5890664246598
"594",159.091979621758,78.5126214516567
"595",159.264888966067,78.5964125281738
"596",159.152621343187,78.5420126155678
"597",159.304122849586,78.615423528673
"598",159.201671298889,78.5657833804483
"599",159.313122229455,78.6197839365693
"600",159.221473526204,78.5753792279631
"601",159.323621320984,78.6248708508787
"602",159.323621320984,78.6248708508787
"603",155.30650283671,76.6722113981689
"604",155.869406868429,76.9464894267689
"605",156.652191377881,77.3275329436292
"606",158.421612358096,78.1873272829083
"607",157.595313433175,77.7861916661428
"608",158.692670500926,78.3189153462886
"609",157.916091796908,77.9420486028301
"610",158.712346778953,78.3284640691483
"611",158.712346778953,78.3284640691483
"612",156.337599350196,77.174455119998
"613",158.080396802568,75.8768328497483
"614",159.345094902339,1.5809284919427
"615",159.345094902339,1.5809284919427
"616",156.703193529459,77.3523947055163
"617",157.053481082349,77.5227802623743
"618",158.461107428803,78.2065058315708
"619",158.461107428803,78.2065058315708
"620",157.780091935813,77.8758584712417
"621",159.078692263149,78.5061620555458
"622",158.880566350169,78.410124285017
"623",159.216911821757,78.5731632101518
"624",159.405593983704,78.664582249516
"625",159.405593983704,78.664582249516
"626",159.032740947973,78.4839067466696
"627",159.051295804097,78.4929011601173
"628",159.243455409664,78.5860259050681
"629",159.243455409664,78.5860259050681
"630",159.090667488307,78.5119850120839
"631",159.281726927602,78.6045717114096
"632",159.252544977851,78.590433369703
"633",159.385263822817,78.6547342268103
"634",159.385263822817,78.6547342268103
"635",155.801388206776,76.9133594384857
"636",156.479599262715,77.2435464980966
"637",157.360663106951,77.6721445507448
"638",157.749400838271,77.861072102178
"639",158.679453353881,78.3125009244074
"640",158.679453353881,78.3125009244074
"641",158.574756863541,78.2616833495581
"642",157.582711355792,77.7800498405973
"643",158.612340864387,78.2799904604989
"644",159.27288567893,78.6002875485606
"645",159.27288567893,78.6002875485606
"646",158.068739286495,78.0161827202154
"647",158.776860347843,78.3597686878108
"648",158.552805003855,78.2511168351673
"649",159.209534736959,78.5695868208313
"650",159.209534736959,71.9928560388315
"651",87.22990597965,77.1063862005046
"652",5.48520277564716,78.0314592126584
"653",5.37700895987744,77.7312717785084
"654",5.62424169988083,78.417227452898
"655",5.53143871347502,78.1819744505527
"656",5.6373861611378,0.916599880996866
"657",5.55980049726859,78.2570859127257
"658",5.63611277975373,78.449117341834
"659",5.71287512263179,78.6322244339851
"660",5.71287512263179,78.6322244339851
"661",5.61121549147612,78.3883073840919
"662",5.68824692759426,78.5747237198733
"663",5.65866099305973,78.5050976508645
"664",5.69941257028121,78.6010003888547
"665",5.67766790234683,78.5503973621274
"666",5.70717429158462,78.6190630510097
"667",5.68962802158875,78.5785174748941
"668",5.71133577212721,78.6286793185202
"669",5.69866657306399,78.5995593961064
"670",5.71619027866769,78.6398373130478
"671",5.71619027866769,78.6398373130478
"672",153.074544367346,75.5831864916216
"673",153.772356668983,75.9239271064696
"674",16.1234621222071,24.3840884689795
"675",154.024376915469,76.0469345647977
"676",154.707164289288,76.3799989498642
"677",157.108877639532,77.5494311637794
"678",159.024602183363,78.4799358886993
"679",158.656797388152,78.3015988693504
"680",159.066615957565,78.5003070512301
"681",159.066615957565,78.5003070512301
"682",155.617352290709,76.8236979417408
"683",157.004130041628,77.4986671967063
"684",158.74195252921,78.3428306075359
"685",158.74195252921,78.3428306075359
"686",156.198245980769,77.1066169975961
"687",156.732977686767,77.3668803925463
"688",158.282476780021,78.1197500709165
"689",157.082691830631,77.5369967110143
"690",158.382771310101,78.1684646129797
"691",158.382771310101,3.70135125174672
"692",156.592989681407,77.2987686250055
"693",158.164129272809,27.2536925012627
"694",156.750671954802,77.3754949368125
"695",157.342319851246,77.6632048428882
"696",4.31326537469296,78.2802290288995
"697",1.82843356188676,78.6432954578097
"698",1.82843356188676,78.6432954578097
"699",158.054085829895,78.0090614600419
"700",158.858433620745,78.3993441756173
"701",158.858433620745,78.3993441756173
"702",157.59386817204,77.7854316779907
"703",158.885763614177,78.412601575002
"704",158.714605901021,78.3296183064154
"705",159.255454280282,78.591840589555
"706",159.158891069259,78.5450507349545
"707",159.319608225158,78.6229264836653
"708",159.319608225158,78.6229264836653
"709",155.371922344279,76.7039718736433
"710",26.6955912600584,41.6406891832875
"711",156.859845997049,77.4285992461469
"712",157.242351698534,77.6146334813136
"713",158.444870872028,75.6409366326361
"714",13.1644575067372,78.1986216786658
"715",157.196491274567,77.5923359139898
"716",157.624456883525,77.8003483876419
"717",158.025040839591,77.9949620135569
"718",158.769856918773,27.7578628936412
"719",158.769856918773,78.3563705797182
"720",158.058736929414,78.0113249029695
"721",158.800518673538,44.2789789072958
"722",158.287652871299,45.2361028760223
"723",158.944256230323,0.699378313403059
"724",158.944256230323,0.699378313403059
"725",157.3306021517,77.6575389992423
"726",158.477220367432,4.58319756021719
"727",157.819519790558,77.8951186226387
"728",158.836199484945,47.6520190788675
"729",158.253089980836,78.1056887224681
"730",158.514080955079,78.2323514164599
"731",158.898590382,78.4188630439966
"732",159.243272382484,78.5859372081247
"733",159.243272382484,78.5859372081247
"734",158.989246449972,78.4628108972538
"735",159.312175487994,78.6193262230456
"736",159.396759914329,78.6603030560652
"737",159.396759914329,78.6603030560652
"738",159.261157733592,78.5946083740296
"739",159.346402468044,78.6359080283211
"740",159.301638205344,78.6142217123491
"741",159.369559539775,78.6471266108296
"742",159.359961224707,78.64247703104
"743",159.404325913258,78.6639680070918
"744",159.404325913258,78.6639680070918
"745",158.486708270945,78.2190706547943
"746",158.77263211402,78.3577835286927
"747",159.148505856264,78.5400063738079
"748",1.00891866841061,78.5400063738079
"749",158.743692037616,78.3437479539759
"750",158.82132084989,78.3813980152579
"751",159.126969559532,78.5295666557678
"752",159.126969559532,78.5295666557678
"753",158.901142882518,78.4201041362472
"754",159.203394804801,78.5666110428204
"755",159.025278964445,78.4802892175608
"756",159.241339994229,78.5850007492314
"757",159.145082352971,78.5383580798876
"758",159.32010531853,78.6231673293502
"759",159.292636629429,78.6098597889592
"760",159.386784878059,78.6554710526339
"761",159.386784878059,78.6554710526339
"762",154.693674367862,76.3733531689552
"763",155.849834541743,76.9369565485428
"764",157.850485623485,77.9098021712908
"765",156.371457305103,77.190931422726
"766",157.042143038041,77.5172708000382
"767",158.229395585366,78.0940800590991
"768",159.242870581239,78.5857424907556
"769",159.242870581239,78.5857424907556
"770",157.671582868274,77.8232475998179
"771",158.755499511474,2.44774445864225
"772",158.755499511474,78.3494040902478
"773",156.917658882238,77.4567290744019
"774",157.504484282471,77.7420375132864
"775",158.711749776471,78.3281743559206
"776",158.711749776471,78.3281743559206
"777",157.192609094922,77.590446304382
"778",137.764555086034,78.1970778441793
"779",157.740866031901,77.8569072529213
"780",158.261084420234,78.109567599176
"781",158.486773615324,78.2191059829256
"782",159.011273631572,78.473472822057
"783",158.971260350174,78.4540793869191
"784",159.376179236799,78.650333427816
"785",159.376179236799,78.650333427816
"786",158.659469891741,78.3028851315184
"787",159.055904228853,78.4951322466374
"788",159.301882763528,78.6143381380978
"789",159.301882763528,78.6143381380978
"790",158.930732101562,78.4344521392769
"791",159.181175313609,78.5558417339553
"792",159.078856491451,78.5062576037865
"793",159.315089583273,78.620737150443
"794",159.315089583273,78.620737150443
"795",158.156461552225,78.0587771261773
"796",158.823474352279,78.3823845861523
"797",158.215633557136,78.0875051456228
"798",158.260259883314,78.1091695647814
"799",158.86471813442,21.9637891145705
"800",158.365727800289,78.1603622077719
"801",158.95298339509,78.4452050234807
"802",158.558487133959,78.2539028557451
"803",159.045125779059,78.4898874185505
"804",158.71115007658,78.3279640895484
"805",158.788156454872,78.3653141754489
"806",159.118628719466,78.5255232722319
"807",158.84087268846,78.3908794827681
"808",159.148116009204,78.5398174008489
"809",159.148116009204,78.5398174008489
"810",158.810691536002,78.3762429210364
"811",159.140135156972,78.5359487497856
"812",158.922602802879,78.4305098868224
"813",159.205101988197,78.567438450907
"814",159.183362483949,78.5569048834452
"815",159.392800540041,78.6583851135283
"816",159.392800540041,78.6583851135283
"817",158.314864958763,78.1356753325868
"818",158.569238359208,78.2591154619393
"819",158.814181916605,78.3779353986017
"820",159.148830662102,78.5401638187839
"821",158.935962390003,78.4369874595272
"822",159.209319658987,78.569482582037
"823",159.209319658987,78.569482582037
"824",158.903073824614,78.4210382127687
"825",159.233581524632,78.5812408502698
"826",159.233581524632,78.5812408502698
"827",158.618312517421,78.2829212347691
"828",159.050126300936,78.4923281023096
"829",159.32966361844,78.6277983363126
"830",159.246932757654,78.5877158214078
"831",159.332196263317,78.6290253847812
"832",159.332196263317,78.6290253847812
"833",158.916853931647,78.4277224829203
"834",159.065307340757,78.4996919997849
"835",159.28170083374,78.6045590673823
"836",159.28170083374,78.6045590673823
"837",159.055576276324,78.494975280806
"838",159.2575535193,78.5928592799413
"839",159.399452368339,78.6616072831405
"840",159.399452368339,78.6616072831405
"841",159.212835454161,58.502475158214
"842",159.35569558015,1.2628142718749
"843",159.35569558015,1.2628142718749
"844",155.765103045813,76.8956845133141
"845",155.813792100942,76.9194014258468
"846",156.082638855501,77.0503305813591
"847",132.218797444367,17.8069582830912
"848",156.966910545232,77.4806426573914
"849",157.876823936552,77.9229645171453
"850",158.36157874419,4.02324700812585
"851",21.6132509775511,1.33708436605289
"852",158.726667170913,1.36710038750801
"853",159.157636303267,1.31961656404871
"854",158.954431701385,1.34244724622869
"855",159.218356010117,1.31279451220382
"856",159.218356010117,1.31279451220382
"857",158.479715029159,78.215668157949
"858",158.797914738453,78.3700468192253
"859",50.9590578956067,78.5252564440634
"860",159.020917409959,78.4781681961339
"861",159.320934146115,78.6235689021487
"862",159.320934146115,78.6235689021487
"863",158.917571118098,78.4280683008981
"864",159.232416912685,78.5806764507015
"865",159.0741205026,78.5039648936042
"866",159.259876850219,78.5939837301587
"867",159.164187676565,78.5476177270751
"868",159.320399253108,78.6233097428288
"869",159.320399253108,78.6233097428288
"870",157.71979212719,77.846686079512
"871",157.898749887215,77.9336250639305
"872",158.451609896706,78.2020093021738
"873",153.068649107151,78.5530896725282
"874",159.175497410854,78.5530896725282
"875",158.417115294914,78.1852737628851
"876",159.144265260893,78.5379507933283
"877",159.081684007036,78.5076237499085
"878",159.353779388014,78.639481901107
"879",159.353779388014,78.639481901107
"880",157.930347215322,77.9489718949307
"881",158.178718055222,78.069579202539
"882",158.433804459704,78.1934017430497
"883",158.980823947247,78.4587068082255
"884",158.980823947247,78.4587068082255
"885",70.2589472914214,78.225402255045
"886",0.492867063005745,78.488415320442
"887",0.492867063005745,78.488415320442
"888",158.178278954232,78.0693660356248
"889",158.900002655042,78.419508370726
"890",158.534730339239,78.2423724601868
"891",158.909526204824,78.4241646539831
"892",159.256600297724,78.5923959425852
"893",159.160094325119,78.5456338998
"894",159.319647866489,78.6229456902174
"895",159.232523569121,78.5807337450213
"896",159.327990872475,78.6269878979835
"897",106.815710522729,78.6269878979835
"898",158.735389142559,78.3397215307893
"899",20.1008881584294,9.00299755898373
"900",158.837566725802,78.3892753342406
"901",159.172388267661,78.5515826627622
"902",158.980125964674,78.4583993384768
"903",159.228485249613,78.5787710568441
"904",159.063680511865,78.4989044009791
"905",140.205274067181,78.5540141230133
"906",2.13016301072619,78.6325423177059
"907",2.13016301072619,78.6325423177059
"908",159.162157940387,78.546633818338
"909",159.324593573005,78.6253419090934
"910",159.262146481774,78.5950873744565
"911",159.352266388996,78.6387489093777
"912",159.352266388996,78.6387489093777
"913",156.037678824653,77.0284387963016
"914",94.479089417792,77.5162474561238
"915",2.98391629105772,67.3931588288055
"916",2.27034862233218,78.1771913636918
"917",2.40311820011536,78.5607619129471
"918",2.37567305863477,78.4852637005725
"919",2.38997739249279,78.5250912481525
"920",2.41727649011296,78.5996820572974
"921",2.41727649011296,78.5996820572974
"922",2.41578794363539,78.595614820799
"923",156.38532735814,77.1976979922114
"924",156.693402726842,77.3476286155291
"925",158.226849865948,78.0927264910591
"926",49.2948025366024,78.0927264910591
"927",156.708506177064,77.3549769461992
"928",157.597554238469,53.4334387710311
"929",158.866246435758,1.05217159760166
"930",158.689150456112,1.03537002294083
"931",159.250397398256,1.08861703860122
"932",159.250397398256,1.08861703860122
"933",157.156563075979,77.5729118362512
"934",157.477056525917,77.728730072035
"935",158.104244528567,23.0215788927009
"936",158.683972184648,2.07716775037307
"937",159.072994077069,1.97064123570307
"938",159.072994077069,1.97064123570307
"939",158.699930372804,2.07287059521463
"940",159.088111332288,1.96649233933117
"941",159.088111332288,1.96649233933117
"942",157.676755988122,77.8257748322968
"943",158.665502033209,22.1744352344383
"944",158.317658342189,78.1370013706171
"945",159.10120164417,78.5170748694987
"946",158.787160016162,78.3648309611206
"947",159.114138592365,78.523346558918
"948",158.948329189274,78.4429807051125
"949",159.255352290354,78.5917911657762
"950",159.127143686525,78.5296648121177
"951",159.21164661375,78.5706169073231
"952",159.33825446497,78.6319605050903
"953",159.278514872441,78.6030183662202
"954",159.35481349403,78.6399828851955
"955",159.300231700654,78.6135403558381
"956",159.359773946884,78.6423860110753
"957",159.359773946884,78.6423860110753
"958",159.182182294958,78.55633887329
"959",159.309349422438,78.6179559375601
"960",159.227178009825,78.5781433833354
"961",159.332999555302,78.629414572225
"962",159.264245442764,78.5961044926397
"963",159.345958242295,78.6356928133239
"964",159.345958242295,78.6356928133239
"965",157.44310275206,77.7122269133124
"966",158.036407598508,5.76233457533419
"967",159.012133050164,0.142806774412757
"968",158.725597602273,0.139740532888262
"969",159.143863638366,0.144216435250748
"970",159.143863638366,0.144216435250748
"971",157.732369084056,77.8527892420625
"972",158.199661064864,78.079746032185
"973",158.919182363103,20.7594888734232
"974",158.517451143651,78.2339908894671
"975",159.040116317675,78.4874584685091
"976",158.651089754049,78.298830344337
"977",158.848531028214,78.3945879520422
"978",159.227159856684,78.5781287297424
"979",159.227159856684,78.5781287297424
"980",158.670391347258,78.3081935319007
"981",158.839000392549,50.97606275294
"982",159.205776643532,0.00113578058457242
"983",159.205776643532,0.00113578058457242
"984",158.689599400502,78.317511057681
"985",159.063990836752,78.499034278481
"986",158.742107775472,78.3429799930264
"987",159.108288252632,78.5205104057278
"988",158.796321348151,78.3692740689229
"989",159.115814981281,78.5241592378721
"990",158.808891048208,78.3753700405657
"991",158.962526423149,78.4498639073483
"992",159.262885262254,78.5954415666537
"993",159.13893275535,78.5353785607808
"994",159.292736832552,78.609906583029
"995",159.292736832552,78.609906583029
"996",158.832769810201,39.9679632420028
"997",159.138677873643,2.94944598768368
"998",158.860762822841,3.02035088471286
"999",159.147188295278,2.94727471064077
"1000",158.933763456117,3.00206607716529
"1001",159.208833939242,2.93144876888788
"1002",159.024756046808,2.97907988084329
"1003",159.235420275642,2.92456941608356
"1004",159.09757591464,2.9604665143279
"1005",159.17126387144,2.94146313181041
"1006",159.307617259847,2.90572012778374
"1007",159.229834691605,2.92621787271953
"1008",159.337338675205,2.89788775602073
"1009",159.337338675205,2.89788775602073
"1010",159.166670988562,2.94265486859627
"1011",71.0901892631593,2.90690219134165
"1012",159.205652908976,2.93253042212556
"1013",159.318040587573,2.90297819092059
"1014",159.318040587573,2.90297819092059
"1015",158.051893364878,78.0080020593625
"1016",158.165609270295,78.0632179825328
"1017",158.522486193254,78.236424905963
"1018",159.113924147419,78.5232426001452
"1019",158.84258256462,24.6075503794021
"1020",159.154432535951,2.06441969288206
"1021",159.154432535951,2.06441969288206
"1022",158.386434239757,78.1704100606285
"1023",158.988449442442,78.4624047615662
"1024",158.794883108075,78.3685667318903
"1025",159.232112510702,78.580528929723
"1026",159.106764468677,78.5197870477988
"1027",159.291936733679,78.6095188990087
"1028",159.291936733679,78.6095188990087
"1029",158.441860234749,78.1972960360317
"1030",159.100854086186,78.5169063742467
"1031",158.858932096345,78.3996360495523
"1032",159.183008259914,78.5567301481599
"1033",158.989453829105,78.462921729328
"1034",159.220873090561,78.5750826978953
"1035",159.407955681354,78.6657262296283
"1036",159.407955681354,78.6657262296283
"1037",159.091527069159,78.5124016495326
"1038",159.183579228317,78.5570157099385
"1039",159.317170788123,78.6217455212255
"1040",159.317170788123,78.6217455212255
"1041",159.165328710217,78.5481712803679
"1042",159.299283754582,78.6130788298543
"1043",159.18525127378,78.5578262088293
"1044",159.235122557845,78.5819927597203
"1045",159.348305375044,78.6368299306899
"1046",159.320700365966,78.6234568753184
"1047",159.386532541497,78.6553488166002
"1048",159.359668969905,78.6423356610501
"1049",159.3871088499,78.6556279898615
"1050",159.361863516156,78.6433987733105
"1051",159.388717969488,78.6564074714123
"1052",159.369534464022,78.647114795973
"1053",159.394749825508,78.6593293607613
"1054",159.394749825508,78.6593293607613
"1055",159.22647317669,78.5778016918955
"1056",159.339803580267,78.6327110233854
"1057",159.267698934549,78.5977778411049
"1058",159.342574926084,78.6340536820673
"1059",159.292007217017,78.609555521772
"1060",159.319514748601,78.622882717875
"1061",159.330647950465,78.6282764265596
"1062",159.37490324392,78.6497152961035
"1063",159.37490324392,78.6497152961035
"1064",159.36987024214,78.6472771274651
"1065",159.315167252869,78.6207764563634
"1066",159.365556316084,78.6451872775378
"1067",159.327138184177,78.6265760488513
"1068",159.375727364794,78.6501145268374
"1069",159.353836432035,78.6395101116904
"1070",159.392096890366,78.6580442595187
"1071",159.392096890366,78.6580442595187
"1072",155.795724579817,76.9106007688364
"1073",156.355555689535,77.1831805150692
"1074",157.555944517986,77.7670179000345
"1075",158.829408595504,78.3852635367235
"1076",158.829408595504,78.3852635367235
"1077",157.321905568718,77.6532892696763
"1078",158.394867764176,78.174452917545
"1079",159.204604890934,78.5671975268108
"1080",159.000274232684,78.468167704986
"1081",159.215907525854,78.5726754023872
"1082",159.09117077284,78.512228468494
"1083",159.292824222648,78.6099489274232
"1084",159.292824222648,78.6099489274232
"1085",158.143675073266,78.0525494815293
"1086",158.97960358474,78.4581149915204
"1087",158.585418034142,78.2669698453402
"1088",158.663680737822,78.3049382614114
"1089",159.05376023382,78.4940739529876
"1090",158.877383986389,36.0009090726173
"1091",159.246711340873,0.662424141823989
"1092",159.246711340873,0.662424141823989
"1093",158.70159051439,78.3233272422734
"1094",158.803906423337,78.3729522059055
"1095",158.903916195672,78.4214496694212
"1096",159.185718736493,78.5580438860717
"1097",145.435757371365,66.9706069074804
"1098",100.864917488363,74.5306001945807
"1099",0.569094943499519,0.331398727925923
"1100",0.569094943499519,0.331398727925923
"1101",158.777316033728,78.360056623949
"1102",158.814510015055,78.3780950313006
"1103",159.125266671113,78.5287411550088
"1104",159.125266671113,78.5287411550088
"1105",158.824657252148,78.383015965937
"1106",158.854364756697,78.3974223454894
"1107",159.144744667686,78.5381831815062
"1108",159.144744667686,78.5381831815062
"1109",158.875352073406,78.4075992987114
"1110",159.046729151473,65.7620038425203
"1111",159.30007850237,1.67975290937735
"1112",78.1298418216765,1.67975290937735
"1113",158.937221813305,78.4375985544456
"1114",158.992346440096,78.4643242926454
"1115",159.218220497063,78.5737963739986
"1116",159.218220497063,78.5737963739986
"1117",159.035094077029,78.4850467324027
"1118",159.259579992889,78.593839876385
"1119",159.259579992889,78.593839876385
"1120",156.258080716093,77.1357380417494
"1121",156.936800641827,77.4660351088957
"1122",157.571163137825,77.7744492619665
"1123",158.005000057152,77.9852291541713
"1124",84.4398080690081,78.3569301293787
"1125",158.258565663707,78.1083422145248
"1126",158.946498838766,78.4420600798733
"1127",158.521364900281,78.2358915090016
"1128",159.016819844724,78.4761622297802
"1129",159.016819844724,78.4761622297802
"1130",157.968973629127,77.9677329797463
"1131",158.606926110922,66.1165378199987
"1132",159.2947081858,0.0707556941373143
"1133",159.2947081858,0.0707556941373143
"1134",158.016307963651,77.9907211775883
"1135",158.75783428979,78.3505369863554
"1136",158.069265407636,78.0164380859728
"1137",158.786646590225,78.3645169354097
"1138",158.166099908597,78.0634562669749
"1139",158.433404669439,78.1932031354508
"1140",159.033310873965,78.484158644793
"1141",158.710260174908,78.3275319606668
"1142",22.8089809576503,53.5807916665118
"1143",159.108517780998,78.5206216783243
"1144",158.31986446855,78.1381015584198
"1145",158.877323834512,78.4085236908708
"1146",159.366154058193,78.6454768508533
"1147",159.366154058193,78.6454768508533
"1148",158.810086068786,78.3759262895258
"1149",159.303554810582,78.6151482969508
"1150",159.303554810582,78.6151482969508
"1151",157.198241514675,77.5931872268151
"1152",157.976736747546,45.5547044828617
"1153",159.055636984213,7.13576480990337
"1154",158.84436703949,7.02268220644148
"1155",159.213576320904,7.39071828010345
"1156",159.213576320904,7.39071828010345
"1157",158.068722711438,78.0160869388556
"1158",159.13557659728,78.5337389890335
"1159",158.890789105373,78.4150845366037
"1160",158.955878983403,78.4466443837146
"1161",159.198421585428,78.5642006870323
"1162",158.992953418857,78.4646186016156
"1163",159.061545088465,78.497868982224
"1164",159.264986487048,78.5964597850811
"1165",159.264986487048,78.5964597850811
"1166",159.02869642366,78.4819460659965
"1167",159.233109673596,78.5810121798802
"1168",159.083448463559,78.5084862090888
"1169",159.268262889686,78.5980474632562
"1170",159.268262889686,78.5980474632562
"1171",158.94617240508,78.4419383320008
"1172",159.087244314311,78.5103235957559
"1173",159.315469998809,78.6209214671495
"1174",159.315469998809,78.6209214671495
"1175",158.984047626359,78.4603009948215
"1176",159.215712292887,78.5725807832394
"1177",159.03093744348,78.4830324212808
"1178",159.234561588029,78.581715811678
"1179",159.075404533912,78.5045873136037
"1180",159.258989965844,1.34840601713609
"1181",159.216450944294,78.5729432265407
"1182",159.372318205306,78.6484630139669
"1183",159.350939508449,78.6381066939144
"1184",159.392617316575,78.658296358557
"1185",159.392617316575,78.658296358557
"1186",157.001715700136,77.4976052046047
"1187",157.641714664899,77.8087380300482
"1188",158.723303721238,78.3337811761803
"1189",158.098896742534,19.9590510666903
"1190",158.847798645183,1.19855265107125
"1191",158.706903976503,1.18497543059488
"1192",159.284154864283,1.24060182616416
"1193",158.3194786422,1.24060182616416
"1194",157.584253092077,77.7808191589002
"1195",157.964116617913,77.9653724899027
"1196",158.082182494559,78.0227106192923
"1197",158.273656040099,78.1156679524258
"1198",158.950567400874,78.4440332971001
"1199",158.950567400874,78.4440332971001
"1200",158.233661974856,78.0962547474697
"1201",158.740869218231,78.342360625243
"1202",159.253011757862,78.5906569523011
"1203",159.253011757862,78.5906569523011
"1204",158.473224301601,78.2125311311279
"1205",159.004061616629,78.4699755940601
"1206",158.733329640233,73.8260446811081
"1207",159.159054594195,1.24257256285518
"1208",159.159054594195,1.24257256285518
"1209",158.193978200846,78.0769900767571
"1210",67.3768084106727,78.2670159304836
"1211",0.704210919325284,78.5350899014009
"1212",0.402292456994039,78.5350899014009
"1213",158.369019265699,78.1619605039812
"1214",158.937719349721,78.4378020336142
"1215",158.505274575287,78.2280839638545
"1216",158.922176212113,78.4302866256323
"1217",159.330708555578,78.6283046019968
"1218",159.330708555578,78.6283046019968
"1219",158.67689957381,78.3113493225577
"1220",159.099579621412,78.5162885155382
"1221",64.1184580969925,67.1453962670761
"1222",0.12355534642846,0.120565194402512
"1223",0.12355534642846,0.120565194402512
"1224",157.99789858489,77.9817780572043
"1225",158.428583825586,65.7683640773217
"1226",159.068300133939,0.852660795197681
"1227",158.711835765294,0.897120378063764
"1228",159.075229870848,0.851796492228228
"1229",158.950771312964,0.867486764371568
"1230",159.2955589142,0.824019996099399
"1231",159.2955589142,0.794813255284091
"1232",158.158707629408,78.0598676974789
"1233",158.820653736327,78.3810161718735
"1234",158.203213735975,78.0814755916315
"1235",158.284730468999,78.1210479771615
"1236",158.476407152666,78.2140742682319
"1237",159.024827829834,78.4800453036106
"1238",159.024827829834,78.4800453036106
"1239",158.519678537426,78.2350694050525
"1240",159.064995200306,78.4995212386596
"1241",159.064995200306,52.4251491066193
"1242",158.287491245863,78.1223880721663
"1243",158.898447751774,78.4187541608193
"1244",158.412977161957,78.1832945061951
"1245",158.511717740895,78.2312111359969
"1246",158.990997389455,78.4636403619265
"1247",158.585360947362,78.2669425429001
"1248",158.692778912724,78.3190527687941
"1249",159.092608311606,78.5129087973701
"1250",159.092608311606,78.5129087973701
"1251",158.706154501431,78.3255405346256
"1252",159.105257972423,78.519041355872
"1253",158.790116093446,78.3662646344235
"1254",159.112911891795,78.5227518773418
"1255",158.860756367974,78.4005212021068
"1256",159.107852504205,78.5203096216924
"1257",159.351226650293,78.6382451928492
"1258",159.351226650293,78.6382451928492
"1259",159.102776156506,78.5178494665385
"1260",159.31488964889,78.6206417352063
"1261",159.382743161851,78.6535131674394
"1262",159.382743161851,78.6535131674394
"1263",159.288841298577,78.6080216749538
"1264",159.356965510623,78.641025448732
"1265",159.307567878591,78.6170946681896
"1266",159.364894718601,78.6448667692201
"1267",159.321619812877,78.6239025689033
"1268",159.37091122635,78.6477814208304
"1269",159.332570767437,78.629207961977
"1270",159.375772946278,78.6501366079515
"1271",159.34291346808,78.6342185598234
"1272",159.381192931012,78.652762199792
"1273",159.353457812934,78.6393267347565
"1274",159.386263879113,78.6552186719698
"1275",159.369532809463,78.6471139801026
"1276",159.397199029611,78.6605157645743
"1277",159.397199029611,78.6605157645743
"1278",158.649525020953,78.298067257953
"1279",158.86097217732,78.4006261004547
"1280",159.128338049078,78.530236263663
"1281",159.377691168766,78.6510658530646
"1282",159.377691168766,78.6510658530646
"1283",159.008063613716,78.4719423602168
"1284",159.261836527679,78.5949333651897
"1285",159.140531543346,78.5361533824611
"1286",159.256845369655,78.592517807158
"1287",159.376057513407,78.650274461213
"1288",159.376057513407,78.650274461213
"1289",159.194522217008,78.5623188995622
"1290",159.314857982552,78.6206249365224
"1291",159.218818921478,78.574092885738
"1292",159.306625709352,78.6166370500573
"1293",159.401394352706,78.6625479758503
"1294",159.401394352706,78.6625479758503
"1295",159.248477562235,78.5884642499116
"1296",159.3440884493,78.6347869477704
"1297",159.299427304403,78.6131505208284
"1298",159.369677305904,78.647183661462
"1299",159.369677305904,78.647183661462
"1300",158.848627073566,78.3946398044104
"1301",158.905476263779,78.4222063672455
"1302",159.174792183423,78.5527478480767
"1303",158.981243370752,78.4589411333632
"1304",159.227178514462,78.5781377719044
"1305",159.09636003677,78.5147441052911
"1306",159.286708805447,78.6069857105649
"1307",159.216707165592,78.5730689937632
"1308",159.345211959401,78.6353312594517
"1309",159.345211959401,78.6353312594517
"1310",158.908894721756,78.4238638738212
"1311",159.178080688579,78.5543417842857
"1312",158.963466628775,78.4503230098082
"1313",159.113676290084,78.5231353877429
"1314",159.323668680327,78.6248937966129
"1315",159.323668680327,78.6248937966129
"1316",159.045292990515,78.4899909496315
"1317",159.257395530038,78.5927813062598
"1318",159.20664341815,78.5681908935456
"1319",159.364309519293,78.6445832711999
"1320",159.319302192486,78.6227797416366
"1321",159.369195942531,78.6469504696336
"1322",159.369195942531,78.6469504696336
